Model,Accuracy,F1
Logistic Regression,0.24770642201834864,0.19141732096899244
Decision Tree,0.39908256880733944,0.4052275854363415
Random Forest,0.481651376146789,0.4730650962822268
Gradient Boosting,0.463302752293578,0.4643514406314545
Extra Trees,0.43577981651376146,0.43246607672523385
XGBoost,0.481651376146789,0.48201596266934377
LightGBM,0.47706422018348627,0.47887394842362585
